allocated_processors,consumed_energy,execution_time,finish_time,job_id,metadata,requested_number_of_processors,requested_time,starting_time,stretch,submission_time,success,turnaround_time,waiting_time,workload_name
0-3,-1.000000,2.395822,3.411434,1,"",4,100.000000,1.015612,1.006516,1.000000,1,2.411434,0.015612,84faa9
352-367,-1.000000,1.038392,11.054004,10,"",16,100.000000,10.015612,1.015035,10.000000,1,1.054004,0.015612,84faa9
36-51 368-415,-1.000000,0.354672,11.370284,11,"",64,100.000000,11.015612,1.044018,11.000000,1,0.370284,0.015612,84faa9
0-3 20-31 36-51 352-575,-1.000000,32.982745,44.998357,12,"",256,100.000000,12.015612,1.000473,12.000000,1,32.998357,0.015612,84faa9
576-579,-1.000000,0.103784,13.119396,13,"",4,100.000000,13.015612,1.150427,13.000000,1,0.119396,0.015612,84faa9
576-591,-1.000000,0.459789,14.475401,14,"",16,100.000000,14.015612,1.033954,14.000000,1,0.475401,0.015612,84faa9
576-639,-1.000000,0.614428,15.630040,15,"",64,100.000000,15.015612,1.025409,15.000000,1,0.630040,0.015612,84faa9
576-579,-1.000000,0.538003,16.553618,16,"",4,100.000000,16.015615,1.029024,16.000000,1,0.553618,0.015615,84faa9
576-591,-1.000000,2.642325,19.657935,17,"",16,100.000000,17.015610,1.005908,17.000000,1,2.657935,0.015610,84faa9
592-655,-1.000000,3.886079,21.901698,18,"",64,100.000000,18.015619,1.004019,18.000000,1,3.901698,0.015619,84faa9
656-911,-1.000000,3.970975,22.986579,19,"",256,100.000000,19.015604,1.003929,19.000000,1,3.986579,0.015604,84faa9
4-19,-1.000000,5.410533,7.426145,2,"",16,100.000000,2.015612,1.002885,2.000000,1,5.426145,0.015612,84faa9
576-579,-1.000000,1.214098,21.229710,20,"",4,100.000000,20.015612,1.012859,20.000000,1,1.229710,0.015612,84faa9
580-591 912-915,-1.000000,21.972420,42.995829,21,"",16,100.000000,21.023409,1.001065,21.000000,1,21.995829,0.023409,84faa9
20-23,-1.000000,0.649140,3.664752,3,"",4,100.000000,3.015612,1.024050,3.000000,1,0.664752,0.015612,84faa9
0-3 20-31,-1.000000,7.344716,11.360328,4,"",16,100.000000,4.015612,1.002126,4.000000,1,7.360328,0.015612,84faa9
32-35,-1.000000,1.100525,6.116137,5,"",4,100.000000,5.015612,1.014186,5.000000,1,1.116137,0.015612,84faa9
36-51,-1.000000,4.940835,10.956447,6,"",16,100.000000,6.015612,1.003160,6.000000,1,4.956447,0.015612,84faa9
32-35 52-111,-1.000000,16.981448,23.997060,7,"",64,100.000000,7.015612,1.000919,7.000000,1,16.997060,0.015612,84faa9
4-19 112-351,-1.000000,19.162067,27.177679,8,"",256,100.000000,8.015612,1.000815,8.000000,1,19.177679,0.015612,84faa9
352-355,-1.000000,0.157683,9.173295,9,"",4,100.000000,9.015612,1.099009,9.000000,1,0.173295,0.015612,84faa9
